{"cameraMode":{"drawMode":0,"name":"Shaded","section":"Shading Mode"},"sceneLighting":true,"audioPlay":false,"sceneViewState":{"showFog":true,"showMaterialUpdate":false,"showSkybox":true,"showFlares":true,"showImageEffects":true,"showParticleSystems":true},"in2DMode":false,"pivot":{"x":-6.272023677825928,"y":0.8354883193969727,"z":-21.5631160736084},"rotation":{"x":0.2940495014190674,"y":0.07445403188467026,"z":-0.022982392460107805,"w":0.9526087045669556},"size":4.063211441040039,"orthographic":false}