{"cameraMode":{"drawMode":0,"name":"Shaded","section":"Shading Mode"},"sceneLighting":true,"audioPlay":false,"sceneViewState":{"showFog":true,"showMaterialUpdate":false,"showSkybox":true,"showFlares":true,"showImageEffects":true,"showParticleSystems":true},"in2DMode":false,"pivot":{"x":1.965631365776062,"y":-1.0230536460876465,"z":5.4927215576171879},"rotation":{"x":0.20698778331279756,"y":-0.006748698186129332,"z":0.0014279572060331703,"w":0.9783192873001099},"size":16.027294158935548,"orthographic":false}