{"cameraMode":{"drawMode":0,"name":"Shaded","section":"Shading Mode"},"sceneLighting":true,"audioPlay":false,"sceneViewState":{"showFog":true,"showMaterialUpdate":false,"showSkybox":true,"showFlares":true,"showImageEffects":true,"showParticleSystems":true},"in2DMode":false,"pivot":{"x":8.029999732971192,"y":2.140000104904175,"z":43.20000076293945},"rotation":{"x":0.6053882837295532,"y":-0.015517954714596272,"z":0.011806569993495942,"w":0.7956914901733398},"size":2.8578836917877199,"orthographic":false}