{"cameraMode":{"drawMode":0,"name":"Shaded","section":"Shading Mode"},"sceneLighting":false,"audioPlay":false,"sceneViewState":{"showFog":true,"showMaterialUpdate":false,"showSkybox":true,"showFlares":true,"showImageEffects":true,"showParticleSystems":true},"in2DMode":false,"pivot":{"x":12.054545402526856,"y":3.7980306148529054,"z":11.318775177001954},"rotation":{"x":-0.13417579233646394,"y":0.8568064570426941,"z":-0.2786209285259247,"w":-0.41261354088783266},"size":5.565424919128418,"orthographic":false}