{"cameraMode":{"drawMode":0,"name":"Shaded","section":"Shading Mode"},"sceneLighting":true,"audioPlay":false,"sceneViewState":{"showFog":true,"showMaterialUpdate":false,"showSkybox":true,"showFlares":true,"showImageEffects":true,"showParticleSystems":true},"in2DMode":false,"pivot":{"x":10.379859924316407,"y":1.5006718635559083,"z":10.224752426147461},"rotation":{"x":-0.16892902553081513,"y":-0.7505248188972473,"z":0.21014173328876496,"w":-0.6033374667167664},"size":6.004768371582031,"orthographic":false}