{"cameraMode":{"drawMode":0,"name":"Shaded","section":"Shading Mode"},"sceneLighting":true,"audioPlay":false,"sceneViewState":{"showFog":true,"showMaterialUpdate":false,"showSkybox":true,"showFlares":true,"showImageEffects":true,"showParticleSystems":true},"in2DMode":false,"pivot":{"x":0.13564109802246095,"y":3.7821896076202394,"z":1.1261796951293946},"rotation":{"x":-0.11156922578811646,"y":0.8833865523338318,"z":-0.2677658498287201,"w":-0.3680788278579712},"size":4.036666393280029,"orthographic":false}