{"cameraMode":{"drawMode":0,"name":"Shaded","section":"Shading Mode"},"sceneLighting":true,"audioPlay":false,"sceneViewState":{"showFog":true,"showMaterialUpdate":false,"showSkybox":true,"showFlares":true,"showImageEffects":true,"showParticleSystems":true},"in2DMode":false,"pivot":{"x":-2.4370927810668947,"y":2.990854263305664,"z":-0.3331718444824219},"rotation":{"x":0.0009282323298975825,"y":0.9394344091415405,"z":-0.3427182137966156,"w":0.0025439101736992599},"size":22.0,"orthographic":false}