{"cameraMode":{"drawMode":0,"name":"Shaded","section":"Shading Mode"},"sceneLighting":true,"audioPlay":false,"sceneViewState":{"showFog":true,"showMaterialUpdate":false,"showSkybox":true,"showFlares":true,"showImageEffects":true,"showParticleSystems":true},"in2DMode":false,"pivot":{"x":-0.9117374420166016,"y":1.2387303113937379,"z":-0.8916418552398682},"rotation":{"x":-0.12376617640256882,"y":0.8731918931007385,"z":-0.3700137138366699,"w":-0.29207488894462588},"size":5.740367412567139,"orthographic":false}